0,Astronics Corporation,UBS,wrong
1,Astronics Corporation,ASTRONICS,right
2,Astronics Corporation,ASTRONICS,right
3,Astronics Corporation,ASTRONICS,right
4,Astronics Corporation,BAIRD,wrong
5,Full House Resorts Inc.,NONE,wrong
6,Full House Resorts Inc.,NONE,wrong
7,Full House Resorts Inc.,NONE,wrong
8,Full House Resorts Inc.,NONE,wrong
9,Full House Resorts Inc.,NONE,wrong
10,Extended Stay America Inc.,NONE,wrong
11,Extended Stay America Inc.,NONE,wrong
12,Extended Stay America Inc.,NONE,wrong
13,Extended Stay America Inc.,STIFEL,wrong
14,Extended Stay America Inc.,NONE,wrong
15,Kimberly-Clark Corporation,NONE,wrong
16,Kimberly-Clark Corporation,NONE,wrong
17,Kimberly-Clark Corporation,BERNSTEIN,wrong
18,Kimberly-Clark Corporation,NONE,wrong
19,Kimberly-Clark Corporation,NONE,wrong
20,Sutro Biopharma Inc.,SUTRO BIOPHARMA,right
21,Sutro Biopharma Inc.,JMP SECURITIES,wrong
22,Sutro Biopharma Inc.,RAYMOND JAMES,wrong
23,Sutro Biopharma Inc.,NONE,wrong
24,Sutro Biopharma Inc.,JEFFERIES,wrong
25,Switch Inc.,SWITCH INC.,right
26,Switch Inc.,CREDIT SUISSE,wrong
27,Switch Inc.,STIFEL,wrong
28,Switch Inc.,COWEN,wrong
29,Switch Inc.,WILLIAM BLAIR,wrong
30,InfuSystem Holdings Inc.,CRAIG-HALLUM,wrong
31,InfuSystem Holdings Inc.,NONE,wrong
32,InfuSystem Holdings Inc.,INFUSYSTEM HOLDINGS, INC.,right
33,InfuSystem Holdings Inc.,SIDOTI,wrong
34,InfuSystem Holdings Inc.,CRAIG-HALLUM,wrong
35,Juniper Networks,JUNIPER NETWORKS,right
36,Juniper Networks,BOFA,wrong
37,Juniper Networks,EVERCORE,wrong
38,Juniper Networks,COWEN,wrong
39,Juniper Networks,J.P. MORGAN,wrong
40,Ceragon,COWEN,wrong
41,Ceragon,NEEDHAM,wrong
42,Ceragon,NONE,wrong
43,Ceragon,NEEDHAM,wrong
44,Ceragon,OPPENHEIMER,wrong
45,Tonix Pharmaceuticals Holding Corp,RAYMOND JAMES,wrong
46,Tonix Pharmaceuticals Holding Corp,AMERICAN SOCIETY OF CLINICAL PSYCHOPHARMACOLOGY (ASCP),wrong
47,Tonix Pharmaceuticals Holding Corp,NONE,wrong
48,Tonix Pharmaceuticals Holding Corp,NONE,wrong
49,Tonix Pharmaceuticals Holding Corp,NEEDHAM,wrong
50,nan,NONE,wrong
51,nan,NONE,wrong
52,nan,NONE,wrong
53,nan,DECISIONSPACE® 365,wrong
54,nan,NONE,wrong
55,The PNC Financial Services Group Inc.,THE PNC FINANCIAL SERVICES GROUP,right
56,The PNC Financial Services Group Inc.,PNC FINANCIAL SERVICES GROUP,right
57,The PNC Financial Services Group Inc.,THE PNC FINANCIAL SERVICES GROUP,right
58,The PNC Financial Services Group Inc.,THE PNC FINANCIAL SERVICES GROUP,right
59,The PNC Financial Services Group Inc.,PNC FINANCIAL SERVICES GROUP,right
60,NONE,UBS,wrong
61,NONE,NEEDHAM,wrong
62,NONE,OPPENHEIMER,wrong
63,NONE,BARCLAYS,wrong
64,NONE,J.P. MORGAN,wrong
65,Bimini Capital Management Inc.,BIMINI CAPITAL MANAGEMENT,right
66,Bimini Capital Management Inc.,BIMINI CAPITAL MANAGEMENT,right
67,Bimini Capital Management Inc.,BIMINI CAPITAL MANAGEMENT,right
68,Bimini Capital Management Inc.,BIMINI CAPITAL MANAGEMENT,right
69,Bimini Capital Management Inc.,BIMINI CAPITAL MANAGEMENT,right
70,NONE,CONTINENTAL RESOURCES, INC.,wrong
71,NONE,CONTINENTAL RESOURCES, INC.,wrong
72,NONE,CONTINENTAL RESOURCES, INC.,wrong
73,NONE,CONTINENTAL RESOURCES, INC.,wrong
74,NONE,CONTINENTAL RESOURCES, INC.,wrong
75,The Estée Lauder Companies Inc.,NONE,wrong
76,The Estée Lauder Companies Inc.,NONE,wrong
77,The Estée Lauder Companies Inc.,NONE,wrong
78,The Estée Lauder Companies Inc.,NONE,wrong
79,The Estée Lauder Companies Inc.,NONE,wrong
80,Arcturus Therapeutics Inc.,NONE,wrong
81,Arcturus Therapeutics Inc.,NONE,wrong
82,Arcturus Therapeutics Inc.,LADENBURG THALMANN,wrong
83,Arcturus Therapeutics Inc.,NONE,wrong
84,Arcturus Therapeutics Inc.,NONE,wrong
85,Stephens Inc.,NONE,wrong
86,Stephens Inc.,CAL-MAINE FOODS,wrong
87,Stephens Inc.,US BANCORP,wrong
88,Stephens Inc.,NONE,wrong
89,NONE,PDF SOLUTIONS, INC.,wrong
90,NONE,PDF SOLUTIONS, INC.,wrong
91,NONE,PDF SOLUTIONS, INC.,wrong
92,NONE,PDF SOLUTIONS, INC.,wrong
93,NONE,PDF SOLUTIONS, INC.,wrong
94,Transcat,NONE,wrong
95,Transcat,NONE,wrong
96,Transcat,NONE,wrong
97,Transcat,NONE,wrong
98,Transcat,NONE,wrong
99,Collegium Pharmaceutical Inc.,COLLEGIUM PHARMACEUTICAL,right
100,Collegium Pharmaceutical Inc.,COLLEGIUM PHARMACEUTICAL,right
101,Collegium Pharmaceutical Inc.,COLLEGIUM PHARMACEUTICAL,right
102,Collegium Pharmaceutical Inc.,COLLEGIUM PHARMACEUTICAL INC,right
103,CNOVA,CNOVA,right
104,CNOVA,CNOVA,right
105,CNOVA,CNOVA,right
106,CNOVA,CNOVA,right
107,CNOVA,CNOVA,right
108,Itron Inc.,ITRON,right
109,Itron Inc.,ITRON,right
110,Itron Inc.,ITRON,right
111,Itron Inc.,CANACCORD GENUITY,wrong
112,Itron Inc.,OPPENHEIMER’,wrong
113,NONE,NONE,right
114,NONE,NONE,right
115,NONE,NONE,right
116,NONE,NONE,right
117,NONE,NONE,right
118,Berkshire Hills Bancorp,NONE,wrong
119,Berkshire Hills Bancorp,NONE,wrong
120,Berkshire Hills Bancorp,NONE,wrong
121,Berkshire Hills Bancorp,NONE,wrong
122,Berkshire Hills Bancorp,NONE,wrong
123,NONE,ICR,wrong
124,NONE,WHITESTONE REIT,wrong
125,NONE,WHITESTONE REIT,wrong
126,NONE,WHITESTONE REIT,wrong
127,NONE,WHITESTONE REIT,wrong
128,BBVA Compass Investor Relations,BBVA USA BANCSHARES, INC.,wrong
129,BBVA Compass Investor Relations,BBVA USA BANCSHARES, INC.,wrong
130,NONE,BRIGHTVIEW,wrong
131,NONE,BRIGHTVIEW,wrong
132,NONE,BRIGHTVIEW,wrong
133,NONE,BRIGHTVIEW,wrong
134,NONE,BRIGHTVIEW,wrong
135,ArcBest,ARCBEST,right
136,ArcBest,ARCBEST,right
137,ArcBest,ARCBEST,right
138,ArcBest,ARCBEST,right
139,ArcBest,ARCBEST,right
140,NONE,OASIS MIDSTREAM,wrong
141,NONE,OASIS MIDSTREAM,wrong
142,NONE,OASIS MIDSTREAM,wrong
143,NONE,OASIS MIDSTREAM,wrong
144,NONE,OASIS MIDSTREAM'S,wrong
145,Zynex Medical,ZYNEX,right
146,Zynex Medical,ZYNEX,right
147,Zynex Medical,ZYNEX,right
148,Zynex Medical,ZYNEX,right
149,Zynex Medical,ZYNEX,right
150,Hess Corporation,HESS CORPORATION,right
151,Hess Corporation,HESS CORPORATION,right
152,Hess Corporation,HESS CORPORATION,right
153,Hess Corporation,HESS CORPORATION,right
154,Hess Corporation,HESS CORPORATION,right
155,NONE,NONE,right
156,NONE,CARLSBERG,wrong
157,NONE,NONE,right
158,NONE,NONE,right
159,NONE,NONE,right
160,Electronic Arts Inc.,ELECTRONIC ARTS,right
161,Electronic Arts Inc.,NONE,wrong
162,Electronic Arts Inc.,ELECTRONIC ARTS,right
163,Electronic Arts Inc.,ELECTRONIC ARTS,right
164,Electronic Arts Inc.,ELECTRONIC ARTS,right
165,SB Financial Group Inc.,NONE,wrong
166,SB Financial Group Inc.,NONE,wrong
167,SB Financial Group Inc.,NONE,wrong
168,SB Financial Group Inc.,NONE,wrong
169,SB Financial Group Inc.,NONE,wrong
170,NONE,SELECTIVE INSURANCE GROUP, INC.,wrong
171,NONE,SELECTIVE INSURANCE GROUP, INC.,wrong
172,NONE,SELECTIVE,wrong
173,NONE,SELECTIVE INSURANCE,wrong
174,NONE,SELECTIVE INSURANCE GROUP,wrong
175,NONE,GUESS,wrong
176,NONE,ICR XCHANGE,wrong
177,NONE,GUESS,wrong
178,Cowen,MEDTOOLS,wrong
179,Cowen,NONE,wrong
180,Cowen,NONE,wrong
181,Cowen,NONE,wrong
182,Cowen,BOULDER,wrong
183,Aon,AON PLC,right
184,Aon,NONE,wrong
185,Aon,AON,right
186,Aon,AON PLC,right
187,Aon,KBW,wrong
188,Varian Medical Systems Inc.,NONE,wrong
189,Varian Medical Systems Inc.,GOLDMAN SACHS,wrong
190,Varian Medical Systems Inc.,JEFFERIES,wrong
191,Varian Medical Systems Inc.,UBS,wrong
192,Varian Medical Systems Inc.,NONE,wrong
193,NONE,WILLIAM BLAIR,wrong
194,NONE,JP MORGAN,wrong
195,NONE,BARCLAYS,wrong
196,NONE,FLEETCOR TECHNOLOGIES, INC,wrong
197,NONE,EVERCORE,wrong
198,Iovance Biotherapeutics Inc.,IOVANCE BIOTHERAPEUTICS,right
199,Iovance Biotherapeutics Inc.,JMP SECURITIES,wrong
200,Iovance Biotherapeutics Inc.,GOLDMAN SACHS,wrong
201,Iovance Biotherapeutics Inc.,JEFFERIES,wrong
202,Iovance Biotherapeutics Inc.,IOVANCE BIOTHERAPEUTICS,right
203,Misonix,MISONIX INC,right
204,Misonix,MISONIX,right
205,Lantheus Holdings Inc.,LANTHEUS HOLDINGS, INC.,right
206,Lantheus Holdings Inc.,SOCIETY OF NUCLEAR MEDICINE AND MOLECULAR IMAGING (SNMMI),wrong
207,Lantheus Holdings Inc.,AMERICAN SOCIETY FOR CLINICAL ONCOLOGY (ASCO),wrong
208,Lantheus Holdings Inc.,JEFFERIES,wrong
209,Lantheus Holdings Inc.,LANTHEUS HOLDINGS, INC.,right
210,NONE,ADAPTIVE BIOTECHNOLOGIES,wrong
211,NONE,NONE,right
212,NONE,GOLDMAN SACHS,wrong
213,NONE,WILLIAM BLAIR,wrong
214,NONE,ADAPTIVE BIOTECHNOLOGIES,wrong
215,nan,NATIONAL PRINT & SIGN OWNERS ASSOCIATION (NPSOA),wrong
216,nan,NONE,wrong
217,nan,FESPA,wrong
218,nan,CONNEXION,wrong
219,nan,NONE,wrong
220,CVR Partners,CVR PARTNERS,right
221,CVR Partners,CVR PARTNERS,right
222,CVR Partners,CVR PARTNERS,right
223,CVR Partners,CVR PARTNERS,right
224,CVR Partners,CVR PARTNERS,right
225,Pebblebrook Hotel Trust,NONE,wrong
226,Pebblebrook Hotel Trust,NONE,wrong
227,Pebblebrook Hotel Trust,NONE,wrong
228,Pebblebrook Hotel Trust,NONE,wrong
229,Pebblebrook Hotel Trust,NONE,wrong
230,Ardagh Group,ARDAGH GROUP,right
231,Ardagh Group,ARDAGH GROUP,right
232,Ardagh Group,ARDAGH GROUP,right
233,Ardagh Group,ARDAGH GROUP S.A.,right
234,Ardagh Group,ARDAGH GROUP,right
235,Pulmonx Corporation,PULMONX,right
236,Pulmonx Corporation,BOFA SECURITIES,wrong
237,Pulmonx Corporation,PULMONX,right
238,Pulmonx Corporation,PULMONX,right
239,Pulmonx Corporation,CANACCORD GENUITY,wrong
240,Summit Hotel Properties,SUMMIT HOTEL PROPERTIES,right
241,Navios Maritime Partners L.P.,NAVIOS MARITIME PARTNERS,right
242,Avista Corporation,AVISTA CORPORATION,right
243,Avista Corporation,AVISTA CORPORATION,right
244,Avista Corporation,AVISTA CORPORATION,right
245,Avista Corporation,AVISTA CORPORATION,right
246,Avista Corporation,AVISTA CORPORATION,right
247,Alleghany Corporation,ALLEGHANY CORPORATION,right
248,Alleghany Corporation,ALLEGHANY CORPORATION,right
249,Alleghany Corporation,ALLEGHANY CORPORATION,right
250,Alleghany Corporation,ALLEGHANY CAPITAL,wrong
251,Alleghany Corporation,ALLEGHANY CORPORATION,right
252,nan,ASCO,wrong
253,nan,PUMA BIOTECHNOLOGY,wrong
254,nan,BARCLAYS,wrong
255,nan,COWEN,wrong
256,nan,B. RILEY,wrong
257,nan,OPPENHEIMER,wrong
258,nan,STIFEL,wrong
259,nan,PIPER SANDLER,wrong
260,nan,WILLIAM BLAIR,wrong
261,nan,POTBELLY CORPORATION,wrong
262,nan,CJS SECURITIES,wrong
263,nan,NONE,wrong
264,nan,NONE,wrong
265,nan,SINGULAR RESEARCH,wrong
266,nan,SIDOTI & COMPANY,wrong
267,Boot Barn Holdings Inc.,WILLIAM BLAIR,wrong
268,Boot Barn Holdings Inc.,BOOT BARN HOLDINGS, INC.,right
269,Boot Barn Holdings Inc.,UBS,wrong
270,Boot Barn Holdings Inc.,WILLIAM BLAIR,wrong
271,Boot Barn Holdings Inc.,BOOT BARN HOLDINGS, INC.,right
272,Yalla InvestorRoom,YALLA GROUP LTD.,wrong
273,Yalla InvestorRoom,YALLA GROUP LTD.,wrong
274,Yalla InvestorRoom,YALLA GROUP LTD.,wrong
275,NONE,NONE,right
276,NONE,NONE,right
277,NONE,NONE,right
278,NONE,NONE,right
279,NONE,J.P. MORGAN,wrong
280,NONE,NASDAQ,wrong
281,NONE,BOFA,wrong
282,NONE,NONE,right
283,Iveric Bio,IVERIC BIO,right
284,Iveric Bio,IVERIC BIO, INC.,right
285,Iveric Bio,IVERIC BIO INC.,right
286,Iveric Bio,J.P. MORGAN,wrong
287,Iveric Bio,STIFEL,wrong
288,Goldman Sachs,GOLDMAN SACHS,right
289,Goldman Sachs,GOLDMAN SACHS,right
290,Goldman Sachs,GOLDMAN SACHS,right
291,Goldman Sachs,GOLDMAN SACHS,right
292,Goldman Sachs,GOLDMAN SACHS,right
293,Harmony Biosciences,RAYMOND JAMES,wrong
294,Harmony Biosciences,GOLDMAN SACHS,wrong
295,Harmony Biosciences,JEFFERIES,wrong
296,Harmony Biosciences,OPPENHEIMER,wrong
297,Harmony Biosciences,NONE,wrong
298,NONE,GLOBAL NET LEASE,wrong
299,NONE,GLOBAL NET LEASE, INC.,wrong
300,NONE,GLOBAL NET LEASE, INC.,wrong
301,NONE,GLOBAL NET LEASE, INC.,wrong
302,NONE,GLOBAL NET LEASE, INC.,wrong
303,Cincinnati Bell Inc.,NONE,wrong
304,Cincinnati Bell Inc.,CINCINNATI BELL,right
305,Cincinnati Bell Inc.,WELLS FARGO,wrong
306,Cincinnati Bell Inc.,CINCINNATI BELL,right
307,Cincinnati Bell Inc.,CINCINNATI BELL,right
308,PowerFleet Inc.,NONE,wrong
309,PowerFleet Inc.,ROTH,wrong
310,PowerFleet Inc.,NEEDHAM,wrong
311,PowerFleet Inc.,NONE,wrong
312,PowerFleet Inc.,NONE,wrong
313,American States Water Company,AMERICAN STATES WATER,right
314,American States Water Company,NONE,wrong
315,American States Water Company,AMERICAN STATES WATER,right
316,American States Water Company,AMERICAN STATES WATER,right
317,American States Water Company,AMERICAN STATES WATER,right
318,Helius Medical Technologies,HELIUS MEDICAL TECHNOLOGIES, INC.,right
319,Helius Medical Technologies,HELIUS MEDICAL TECHNOLOGIES, INC.,right
320,Helius Medical Technologies,HELIUS MEDICAL TECHNOLOGIES,right
321,Helius Medical Technologies,HELIUS MEDICAL TECHNOLOGIES, INC.,right
322,Helius Medical Technologies,HELIUS MEDICAL TECHNOLOGIES, INC.,right
323,Four,NONE,wrong
324,Four,NONE,wrong
325,Four,NONE,wrong
326,Four,NONE,wrong
327,Four,NONE,wrong
328,NONE,JEFFERIES,wrong
329,NONE,NONE,right
330,NONE,SOUTHWEST IDEAS,wrong
331,NONE,NONE,right
332,NONE,NONE,right
333,Hart Energy Conferences,NONE,wrong
334,Hart Energy Conferences,ENERGY TRANSITION CAPITAL,wrong
335,Hart Energy Conferences,OFFSHORE,wrong
336,Hart Energy Conferences,DUG BAKKEN & ROCKIES,wrong
337,Hart Energy Conferences,NONE,wrong
338,Decor Holdings Inc.,NONE,wrong
339,Decor Holdings Inc.,EVERCORE,wrong
340,Decor Holdings Inc.,BAIRD,wrong
341,Decor Holdings Inc.,WILLIAM BLAIR,wrong
342,Decor Holdings Inc.,FLOOR & DECOR,wrong
343,Capital City Bank Group Inc.,NONE,wrong
344,Pebblebrook Hotel Trust,NONE,wrong
345,Pebblebrook Hotel Trust,NONE,wrong
346,Pebblebrook Hotel Trust,NONE,wrong
347,Pebblebrook Hotel Trust,NONE,wrong
348,Pebblebrook Hotel Trust,NONE,wrong
349,Genuine Parts Company,EVERCORE,wrong
350,Genuine Parts Company,NONE,wrong
351,Genuine Parts Company,NONE,wrong
352,Genuine Parts Company,NONE,wrong
353,Genuine Parts Company,RBC CAPITAL MARKETS,wrong
354,Surgery Partners Inc.,SURGERY PARTNERS, INC.,right
355,Surgery Partners Inc.,JEFFERIES,wrong
356,Surgery Partners Inc.,RBC CAPITAL MARKETS,wrong
357,Surgery Partners Inc.,BANK OF AMERICA MERRILL LYNCH,wrong
358,Surgery Partners Inc.,SURGERY PARTNERS,right
359,Cryolife Inc.,UBS,wrong
360,Cryolife Inc.,CRYOLIFE, INC.,right
361,Facebook,FACEBOOK,right
362,Facebook,FACEBOOK,right
363,Facebook,FACEBOOK,right
364,Facebook,MORGAN STANLEY,wrong
365,Facebook,FACEBOOK,right
366,Hannon Armstrong,HANNON ARMSTRONG,right
367,Hannon Armstrong,NONE,wrong
368,Hannon Armstrong,NONE,wrong
369,Hannon Armstrong,BAIRD,wrong
370,Hannon Armstrong,NONE,wrong
371,Flowers Foods,NONE,wrong
372,Flowers Foods,NONE,wrong
373,Flowers Foods,NONE,wrong
374,Flowers Foods,NONE,wrong
375,Flowers Foods,NONE,wrong
376,NONE,NONE,right
377,NONE,NONE,right
378,NONE,NONE,right
379,NONE,SVB LEERINK,wrong
380,NONE,NONE,right
381,NONE,GOLDMAN SACHS,wrong
382,NONE,JEFFERIES,wrong
383,NONE,TRUIST SECURITIES,wrong
384,NONE,NEEDHAM,wrong
385,NONE,NONE,right
386,Del Taco Restaurants Inc.,DEL TACO,right
387,Del Taco Restaurants Inc.,DEL TACO,right
388,Del Taco Restaurants Inc.,DEL TACO RESTAURANTS,right
389,Del Taco Restaurants Inc.,ICR,wrong
390,NONE,STIFEL,wrong
391,NONE,ONTO INNOVATION,wrong
392,NONE,MORGAN STANLEY,wrong
393,NONE,ONTO INNOVATION,wrong
394,NONE,NEEDHAM,wrong
395,The Hain Celestial Group,HAIN CELESTIAL GROUP,right
396,The Hain Celestial Group,THE HAIN CELESTIAL GROUP,right
397,The Hain Celestial Group,THE HAIN CELESTIAL GROUP,right
398,The Hain Celestial Group,THE HAIN CELESTIAL GROUP,right
399,The Hain Celestial Group,HAIN CELESTIAL GROUP,right
400,NONE,EQC,wrong
401,NONE,EQC,wrong
402,NONE,CITI GLOBAL,wrong
403,NONE,NONE,right
404,NONE,EQC,wrong
405,nan,NAVIOS MARITIME HOLDINGS,wrong
406,nan,NAVIOS MARITIME HOLDINGS,wrong
407,nan,NAVIOS MARITIME HOLDINGS,wrong
408,nan,NAVIOS MARITIME HOLDINGS,wrong
409,GT Biopharma Inc.,NONE,wrong
410,GT Biopharma Inc.,RAYMOND JAMES,wrong
411,GT Biopharma Inc.,GTB,wrong
412,GT Biopharma Inc.,NONE,wrong
413,GT Biopharma Inc.,NONE,wrong
414,NONE,JEFFERIES,wrong
415,NONE,RBC CAPITAL MARKETS,wrong
416,NONE,NONE,right
417,nan,NONE,wrong
418,Silverback Therapeutics Inc,RAYMOND JAMES,wrong
419,Silverback Therapeutics Inc,GOLDMAN SACHS,wrong
420,Silverback Therapeutics Inc,H.C. WAINWRIGHT,wrong
421,Silverback Therapeutics Inc,COWEN,wrong
422,Silverback Therapeutics Inc,SVB LEERINK,wrong
423,US Foods Inc.,JEFFERIES,wrong
424,US Foods Inc.,BMO,wrong
425,US Foods Inc.,MORGAN STANLEY,wrong
426,US Foods Inc.,US FOODS,right
427,US Foods Inc.,US FOODS,right
428,TG Therapeutics Inc.,LADENBURG THALMANN,wrong
429,TG Therapeutics Inc.,RAYMOND JAMES,wrong
430,TG Therapeutics Inc.,GOLDMAN SACHS,wrong
431,TG Therapeutics Inc.,JEFFERIES,wrong
432,TG Therapeutics Inc.,TG THERAPEUTICS,right
433,Alcoa,ALCOA,right
434,Alcoa,DEUTSCHE BANK,wrong
435,Alcoa,BANK OF AMERICA SECURITIES,wrong
436,Alcoa,NONE,wrong
437,Alcoa,NONE,wrong
438,Pharm Corp,NONE,wrong
439,Pharm Corp,MUSCLEPHARM CORPORATION,right
440,nan,NONE,wrong
441,nan,H.C. WAINWRIGHT'S,wrong
442,nan,LADENBURG THALMANN,wrong
443,nan,ROTH,wrong
444,nan,RODMAN & RENSHAW,wrong
445,Cue Biopharma Inc,JMP SECURITIES,wrong
446,Cue Biopharma Inc,FOCIS,wrong
447,Cue Biopharma Inc,CUE BIOPHARMA,right
448,Cue Biopharma Inc,JEFFERIES,wrong
449,Cue Biopharma Inc,CUE BIOPHARMA,right
450,Granite Construction Incorporated,VERTICAL RESEARCH PARTNERS,wrong
451,Granite Construction Incorporated,NONE,wrong
452,Granite Construction Incorporated,NONE,wrong
453,Granite Construction Incorporated,NONE,wrong
454,Granite Construction Incorporated,NONE,wrong
455,nan,AXSOME THERAPEUTICS, INC.,wrong
456,nan,WILLIAM BLAIR,wrong
457,nan,COWEN,wrong
458,nan,LADENBURG THALMANN,wrong
459,nan,WILLIAM BLAIR,wrong
460,NONE,RED ROCK RESORTS,wrong
461,NONE,RED ROCK RESORTS,wrong
462,NONE,RED ROCK RESORTS,wrong
463,NONE,RED ROCK RESORTS,wrong
464,NONE,RED ROCK RESORTS,wrong
465,Insmed Incorporated,GOLDMAN SACHS,wrong
466,Insmed Incorporated,JEFFERIES,wrong
467,Insmed Incorporated,INSMED,right
468,Insmed Incorporated,H.C. WAINWRIGHT,wrong
469,Insmed Incorporated,COWEN,wrong
470,NONE,OSG,wrong
471,NONE,OVERSEAS SHIPHOLDING GROUP,wrong
472,NONE,OVERSEAS SHIPHOLDING GROUP INC,wrong
473,NONE,OVERSEAS SHIPHOLDING GROUP INC,wrong
474,NONE,OVERSEAS SHIPHOLDING GROUP INC,wrong
475,Oaktree Specialty Lending Corporation,OAKTREE SPECIALTY LENDING CORPORATION,right
476,Oaktree Specialty Lending Corporation,OAKTREE SPECIALTY LENDING CORPORATION,right
477,Oaktree Specialty Lending Corporation,OAKTREE SPECIALTY LENDING CORPORATION,right
478,Oaktree Specialty Lending Corporation,OAKTREE SPECIALTY LENDING CORPORATION,right
479,Oaktree Specialty Lending Corporation,OAKTREE SPECIALTY LENDING CORPORATION,right
480,NONE,CREATIVE REALITIES, INC.,wrong
481,NONE,CREATIVE REALITIES, INC.,wrong
482,NONE,CREATIVE REALITIES, INC.,wrong
483,NONE,CREATIVE REALITIES,wrong
484,NONE,CREATIVE REALITIES, INC.,wrong
485,Martin Marietta Materials,MARTIN MARIETTA,right
486,Martin Marietta Materials,MARTIN MARIETTA,right
487,Martin Marietta Materials,MARTIN MARIETTA,right
488,NONE,CONTINENTAL RESOURCES, INC.,wrong
489,NONE,CONTINENTAL RESOURCES,wrong
490,NONE,CONTINENTAL RESOURCES, INC.,wrong
491,NONE,CONTINENTAL RESOURCES, INC.,wrong
492,NONE,CONTINENTAL RESOURCES, INC.,wrong
493,Spirit Airlines Inc,NONE,wrong
494,Spirit Airlines Inc,NONE,wrong
495,Spirit Airlines Inc,J.P. MORGAN,wrong
496,Spirit Airlines Inc,RAYMOND JAMES,wrong
497,Spirit Airlines Inc,NONE,wrong
498,The ODP Corporation,THE ODP CORPORATION,right
499,The ODP Corporation,THE ODP CORPORATION,right
500,The ODP Corporation,ODP CORPORATION,right
501,The ODP Corporation,THE ODP CORPORATION INC,right
502,The ODP Corporation,THE ODP CORPORATION INC,right
503,First Solar Inc.,FIRST SOLAR,right
504,First Solar Inc.,NONE,wrong
505,First Solar Inc.,FIRST SOLAR, INC.,right
506,First Solar Inc.,SOLAR, INC.,right
507,First Solar Inc.,FIRST SOLAR, INC.,right
508,NONE,DURECT CORPORATION,wrong
509,NONE,DURECT,wrong
510,NONE,DURECT CORPORATION,wrong
511,NONE,ROTH,wrong
512,NONE,DURECT CORPORATION,wrong
513,Synovus,NONE,wrong
514,Synovus,NONE,wrong
515,Synovus,RAYMOND JAMES,wrong
516,Synovus,NONE,wrong
517,Synovus,GOLDMAN SACHS,wrong
518,Midstream Partners,ENABLE MIDSTREAM,wrong
519,Midstream Partners,ENABLE MIDSTREAM,wrong
520,Midstream Partners,ENABLE MIDSTREAM,wrong
521,Midstream Partners,ENABLE MIDSTREAM,wrong
522,Midstream Partners,ENABLE MIDSTREAM,wrong
523,TCG BDC Inc.,TCG BDC, INC.,right
524,TCG BDC Inc.,TCG BDC, INC.,right
525,TCG BDC Inc.,TCG BDC, INC.,right
526,TCG BDC Inc.,TCG BDC,right
527,TCG BDC Inc.,TCG BDC, INC.,right
528,Monmouth Real Estate Investment Corporation,NONE,wrong
529,Monmouth Real Estate Investment Corporation,MREIC,wrong
530,Monmouth Real Estate Investment Corporation,NAREIT,wrong
531,Monmouth Real Estate Investment Corporation,MREIC,wrong
532,Monmouth Real Estate Investment Corporation,NONE,wrong
533,Celsius Holdings Inc.,CELSIUS HOLDINGS,right
534,Celsius Holdings Inc.,CELSIUS HOLDINGS,right
535,Celsius Holdings Inc.,CELSIUS HOLDINGS, INC.,right
536,Celsius Holdings Inc.,CELSIUS HOLDINGS, INC.,right
537,Celsius Holdings Inc.,CELSIUS HOLDINGS, INC.,right
538,Tradeweb Markets,TRADEWEB MARKETS,right
539,Tradeweb Markets,TRADEWEB MARKETS,right
540,Tradeweb Markets,MORGAN STANLEY,wrong
541,Tradeweb Markets,NASDAQ,wrong
542,Tradeweb Markets,SOP,wrong
543,Covetrus,STIFEL,wrong
544,Covetrus,NONE,wrong
545,Covetrus,NONE,wrong
546,Covetrus,CREDIT SUISSE,wrong
547,Covetrus,NONE,wrong
548,The Allstate Corporation,THE ALLSTATE CORPORATION,right
549,The Allstate Corporation,ALLSTATE,right
550,The Allstate Corporation,THE ALLSTATE CORPORATION,right
551,The Allstate Corporation,THE ALLSTATE CORPORATION,right
552,The Allstate Corporation,THE ALLSTATE CORPORATION,right
553,Gatos Silver Inc.,GATOS SILVER,right
554,Gatos Silver Inc.,SMITHWEEKLY RESEARCH,wrong
555,Gatos Silver Inc.,GATOS SILVER,right
556,Gatos Silver Inc.,GATOS SILVER,right
557,Gatos Silver Inc.,GATOS SILVER,right
558,NONE,CATALYST PHARMACEUTICALS,wrong
559,Cornerstone Building Brands,CORNERSTONE BUILDING BRANDS,right
560,Cornerstone Building Brands,CORNERSTONE BUILDING BRANDS,right
561,Cornerstone Building Brands,CORNERSTONE BUILDING BRANDS,right
562,Cornerstone Building Brands,CORNERSTONE BUILDING BRANDS,right
563,Cornerstone Building Brands,RBC CAPITAL MARKETS,wrong
564,NONE,ONE GAS,wrong
565,NONE,NONE,right
566,NONE,ONE GAS,wrong
567,NONE,BOFA SECURITIES,wrong
568,NONE,ONE GAS,wrong
569,Athenex Inc.,ATHENEX INC.,right
570,Athenex Inc.,ATHENEX,right
571,Athenex Inc.,ATNX,wrong
572,Athenex Inc.,ATHENEX, INC.,right
573,Athenex Inc.,ATHENEX,right
574,Salem Media Group Inc.,LD MICRO,wrong
575,Salem Media Group Inc.,NONE,wrong
576,Salem Media Group Inc.,NONE,wrong
577,Salem Media Group Inc.,NONE,wrong
578,Salem Media Group Inc.,NONE,wrong
579,Nielsen Holdings plc,NIELSEN HOLDINGS,right
580,Nielsen Holdings plc,BAIRD,wrong
581,Nielsen Holdings plc,ALLIANCE BERNSTEIN,wrong
582,Nielsen Holdings plc,NIELSEN HOLDINGS PLC,right
583,Nielsen Holdings plc,MORGAN STANLEY,wrong
584,Amryt Pharma Plc,H.C. WAINWRIGHT,wrong
585,Amryt Pharma Plc,CHIASMA,wrong
586,Amryt Pharma Plc,CORPORATE ACCESS,wrong
587,Amryt Pharma Plc,EVERCORE,wrong
588,Amryt Pharma Plc,NONE,wrong
589,First Industrial Realty Trust Inc.,FIRST INDUSTRIAL REALTY TRUST,right
590,First Industrial Realty Trust Inc.,NONE,wrong
591,First Industrial Realty Trust Inc.,FIRST INDUSTRIAL REALTY TRUST,right
592,First Industrial Realty Trust Inc.,FIRST INDUSTRIAL REALTY TRUST, INC.,right
593,First Industrial Realty Trust Inc.,FIRST INDUSTRIAL REALTY TRUST,right
594,Qumu Corporation,NONE,wrong
595,Qumu Corporation,QUMU,right
596,Qumu Corporation,NORTHLAND CAPITAL MARKETS,wrong
597,Qumu Corporation,NONE,wrong
598,Qumu Corporation,NONE,wrong
599,Capital Southwest Corporation,NONE,wrong
600,Capital Southwest Corporation,NONE,wrong
601,Capital Southwest Corporation,NONE,wrong
602,Capital Southwest Corporation,NONE,wrong
603,Capital Southwest Corporation,NONE,wrong
604,Nu Skin Enterprises,NU SKIN ENTERPRISES,right
605,Nu Skin Enterprises,NU SKIN ENTERPRISES,right
606,Nu Skin Enterprises,NU SKIN ENTERPRISES,right
607,NN Inc.,NN, INC.,right
608,NN Inc.,NN, INC.,right
609,NN Inc.,NN, INC.,right
610,NN Inc.,NN, INC.,right
611,NN Inc.,NN, INC.,right
612,USANA Health Sciences Inc.,USANA HEALTH SCIENCES,right
613,USANA Health Sciences Inc.,USANA HEALTH SCIENCES,right
614,USANA Health Sciences Inc.,USANA HEALTH SCIENCES,right
615,USANA Health Sciences Inc.,USANA HEALTH SCIENCES,right
616,USANA Health Sciences Inc.,USANA HEALTH SCIENCES,right
617,Axogen Inc.,NONE,wrong
618,Axogen Inc.,JMP SECURITIES,wrong
619,Axogen Inc.,JEFFERIES,wrong
620,Axogen Inc.,CANACCORD GENUITY,wrong
621,Axogen Inc.,NONE,wrong
622,Novanta Inc.,BAIRD,wrong
623,Novanta Inc.,WILLIAM BLAIR,wrong
624,Novanta Inc.,NOVANTA, INC.,right
625,Novanta Inc.,NOVANTA, INC.,right
626,Novanta Inc.,NONE,wrong
627,Basic Energy Services Inc.,NONE,wrong
628,Basic Energy Services Inc.,NONE,wrong
629,Basic Energy Services Inc.,NONE,wrong
630,Basic Energy Services Inc.,NONE,wrong
631,Basic Energy Services Inc.,NONE,wrong
632,Luby's Inc.,LUBY’S,right
633,Protagonist Therapeutics Inc.,EHA,wrong
634,Protagonist Therapeutics Inc.,EUROPEAN HEMATOLOGY ASSOCIATION,wrong
635,Protagonist Therapeutics Inc.,JEFFERIES,wrong
636,Protagonist Therapeutics Inc.,PROTAGONIST CORPORATE,wrong
637,Protagonist Therapeutics Inc.,PROTAGONIST THERAPEUTICS,right
638,Pure Cycle Corporation,NONE,wrong
639,Pure Cycle Corporation,NONE,wrong
640,Pure Cycle Corporation,SIDOTI & COMPANY,wrong
641,Pure Cycle Corporation,NONE,wrong
642,Pure Cycle Corporation,LYTHAM PARTNERS,wrong
643,Black Knight Inc.,BLACK KNIGHT,right
644,Black Knight Inc.,OPPENHEIMER,wrong
645,Black Knight Inc.,BARCLAYS,wrong
646,Black Knight Inc.,JEFFERIES,wrong
647,Black Knight Inc.,BOFA,wrong
648,FedEx,FEDEX,right
649,FedEx,FEDEX,right
650,FedEx,FEDEX,right
651,FedEx,FEDEX,right
652,FedEx,FEDEX,right
653,Turtle Beach Corporation,TURTLE BEACH,right
654,Turtle Beach Corporation,TURTLE BEACH,right
655,Turtle Beach Corporation,TURTLE BEACH,right
656,Turtle Beach Corporation,TURTLE BEACH,right
657,Turtle Beach Corporation,TURTLE BEACH,right
658,Camping World Holdings Inc.,NONE,wrong
659,Camping World Holdings Inc.,NONE,wrong
660,Camping World Holdings Inc.,NONE,wrong
661,Camping World Holdings Inc.,NONE,wrong
662,Camping World Holdings Inc.,NONE,wrong
663,TOMI™ Environmental Solutions Inc,NONE,wrong
664,TOMI™ Environmental Solutions Inc,NONE,wrong
665,TOMI™ Environmental Solutions Inc,NONE,wrong
666,TOMI™ Environmental Solutions Inc,NONE,wrong
667,TOMI™ Environmental Solutions Inc,NONE,wrong
668,NONE,BARCLAYS,wrong
669,NONE,FNF,wrong
670,NONE,STEPHENS,wrong
671,NONE,FNF,wrong
672,NONE,STEPHENS,wrong
673,The Chefs' Warehouse Inc,THE CHEF'S WAREHOUSE,right
674,The Chefs' Warehouse Inc,JEFFERIES,wrong
675,The Chefs' Warehouse Inc,BMO,wrong
676,The Chefs' Warehouse Inc,THE CHEF'S WAREHOUSE,right
677,The Chefs' Warehouse Inc,NONE,wrong
678,NONE,NONE,right
679,BP Midstream,NONE,wrong
680,BP Midstream,NONE,wrong
681,BP Midstream,NONE,wrong
682,BP Midstream,NONE,wrong
683,BP Midstream,NONE,wrong
684,SCYNEXIS Inc.,LADENBURG THALMANN,wrong
685,SCYNEXIS Inc.,NONE,wrong
686,SCYNEXIS Inc.,NONE,wrong
687,SCYNEXIS Inc.,BIO DIGITAL,wrong
688,SCYNEXIS Inc.,ACOG,wrong
689,General Electric,GENERAL ELECTRIC,right
690,General Electric,BOFA SECURITIES,wrong
691,General Electric,PARIS AIR SHOW,wrong
692,General Electric,NONE,wrong
693,General Electric,GE,right
694,Lennox International Inc.,LENNOX INTERNATIONAL,right
695,Lennox International Inc.,LENNOX INTERNATIONAL,right
696,Lennox International Inc.,LENNOX INTERNATIONAL,right
697,Lennox International Inc.,LENNOX INTERNATIONAL,right
698,Lennox International Inc.,LENNOX INTERNATIONAL,right
699,Tufin,TUFIN,right
700,Tufin,TUFIN,right
701,Tufin,BARCLAYS,wrong
702,Tufin,NONE,wrong
703,Tufin,JEFFERIES,wrong
704,NONE,NONE,right
705,NONE,NONE,right
706,NONE,NONE,right
707,NONE,BANK OF AMERICA,wrong
708,NONE,J.P. MORGAN,wrong
709,Haemonetics Corporation,HAEMONETICS CORPORATION,right
710,Haemonetics Corporation,HAEMONETICS CORPORATION,right
711,Haemonetics Corporation,HAEMONETICS,right
712,Haemonetics Corporation,HAEMONETICS CORPORATION,right
713,Haemonetics Corporation,HAEMONETICS CORPORATION,right
714,GL,BANK OF AMERICA SECURITIES,wrong
715,GL,NONE,wrong
716,GL,NONE,wrong
717,GL,NONE,wrong
718,GL,NONE,wrong
719,NONE,F5,wrong
720,NONE,F5,wrong
721,NONE,F5,wrong
722,NONE,F5,wrong
723,NONE,F5,wrong
724,Avalara Inc,BOFA SECURITIES,wrong
725,Avalara Inc,STIFEL,wrong
726,Avalara Inc,NONE,wrong
727,Avalara Inc,WILLIAM BLAIR,wrong
728,Avalara Inc,J.P. MORGAN,wrong
729,Black Hills Corporation,BLACK HILLS CORPORATION,right
730,Black Hills Corporation,NONE,wrong
731,Black Hills Corporation,NONE,wrong
732,Black Hills Corporation,BLACK HILLS CORPORATION,right
733,Black Hills Corporation,NONE,wrong
734,nan,NONE,wrong
735,Mylan N.V.,NONE,wrong
736,Mylan N.V.,BOFA SECURITIES,wrong
737,Mylan N.V.,MORGAN STANLEY,wrong
738,Mylan N.V.,NONE,wrong
739,Mylan N.V.,NONE,wrong
740,NONE,NONE,right
741,NONE,GLOBAL TECHNOLOGY,wrong
742,NONE,HEARTLAND,wrong
743,NONE,GLOBAL CHEMICALS,wrong
744,NONE,EAST COAST FINANCIAL SERVICES,wrong
745,Syros Pharmaceuticals Inc.,JMP SECURITIES,wrong
746,Syros Pharmaceuticals Inc.,NONE,wrong
747,Syros Pharmaceuticals Inc.,NONE,wrong
748,Syros Pharmaceuticals Inc.,NONE,wrong
749,Syros Pharmaceuticals Inc.,NONE,wrong
750,Diamondback Energy Inc.,DIAMONDBACK ENERGY,right
751,Diamondback Energy Inc.,DIAMONDBACK ENERGY,right
752,Diamondback Energy Inc.,DIAMONDBACK ENERGY,right
753,Diamondback Energy Inc.,DIAMONDBACK ENERGY,right
754,Diamondback Energy Inc.,DIAMONDBACK ENERGY,right
755,Seer Inc.,SEER, INC.,right
756,Seer Inc.,SEER, INC.,right
757,Seer Inc.,SEER, INC.,right
758,Seer Inc.,SEER, INC.,right
759,Seer Inc.,SEER, INC,right
760,NONE,RH,wrong
761,NONE,RH,wrong
762,NONE,RH,wrong
763,NONE,RH,wrong
764,NONE,RH,wrong
765,Cree Inc,BANK OF AMERICA,wrong
766,Cree Inc,EVERCORE ISI,wrong
767,Cree Inc,J.P. MORGAN,wrong
768,Cree Inc,NONE,wrong
769,Cree Inc,NONE,wrong
770,Benchmark Electronics,NEEDHAM,wrong
771,Benchmark Electronics,OPPENHEIMER,wrong
772,Benchmark Electronics,STIFEL,wrong
773,Benchmark Electronics,NEEDHAM,wrong
774,Benchmark Electronics,BENCHMARK ELECTRONICS, INC.,right
775,IBM,IBM,right
776,IBM,IBM,right
777,IBM,BOFA SECURITIES,wrong
778,IBM,ALLIANCE BERNSTEIN,wrong
779,IBM,MORGAN STANLEY,wrong
780,NONE,NONE,right
781,NONE,NONE,right
782,NONE,NONE,right
783,NONE,NONE,right
784,NONE,NONE,right
785,Universal Display Corporation,UNIVERSAL DISPLAY CORPORATION'S,right
786,Universal Display Corporation,UNIVERSAL DISPLAY CORPORATION,right
787,Universal Display Corporation,UNIVERSAL DISPLAY CORPORATION,right
788,Universal Display Corporation,UNIVERSAL DISPLAY CORPORATION,right
789,Universal Display Corporation,UNIVERSAL DISPLAY CORPORATION,right
790,NONE,NONE,right
791,NONE,JEFFERIES,wrong
792,NONE,NONE,right
793,NONE,NONE,right
794,NONE,TRUIST SECURITIES,wrong
795,Everbridge Inc.,BOFA SECURITIES,wrong
796,Everbridge Inc.,EVERBRIDGE INC,right
797,Everbridge Inc.,RAYMOND JAMES,wrong
798,Everbridge Inc.,EVERBRIDGE INC,right
799,Everbridge Inc.,NEEDHAM,wrong
800,CalAmp,CALAMP,right
801,CalAmp,NEEDHAM,wrong
802,CalAmp,CALAMP,right
803,CalAmp,NEEDHAM,wrong
804,CalAmp,CALAMP,right
805,Blackbaud,BLACKBAUD,right
806,Blackbaud,BLACKBAUD,right
807,Blackbaud,BLACKBAUD,right
808,Blackbaud,BLACKBAUD,right
809,Blackbaud,BLACKBAUD,right
810,Veeva Systems,NONE,wrong
811,Veeva Systems,VEEVA SYSTEMS,right
812,Veeva Systems,VEEVA SYSTEMS,right
813,Veeva Systems,JP MORGAN,wrong
814,Veeva Systems,VEEVA,right
815,NONE,NONE,right
816,nan,J.P. MORGAN,wrong
817,nan,BANK OF AMERICA MERRILL LYNCH,wrong
818,Arthur J. Gallagher,ARTHUR J. GALLAGHER & CO.,right
819,Arthur J. Gallagher,NONE,wrong
820,Arthur J. Gallagher,ARTHUR J. GALLAGHER & CO.,right
821,Arthur J. Gallagher,ARTHUR J. GALLAGHER & CO.,right
822,Arthur J. Gallagher,ARTHUR J. GALLAGHER & CO.,right
823,Equifax Inc.,NONE,wrong
824,Equifax Inc.,BERNSTEIN,wrong
825,Equifax Inc.,COWEN,wrong
826,Equifax Inc.,EQUIFAX,right
827,Equifax Inc.,NONE,wrong
828,Oncology Inc.,RAYMOND JAMES,wrong
829,Oncology Inc.,JEFFERIES,wrong
830,Oncology Inc.,NONE,wrong
831,Oncology Inc.,ZIOPHARM,wrong
832,Oncology Inc.,ZIOPHARM ONCOLOGY,wrong
833,Wingstop Restaurants Inc.,NONE,wrong
834,Wingstop Restaurants Inc.,NONE,wrong
835,Wingstop Restaurants Inc.,NONE,wrong
836,Wingstop Restaurants Inc.,NONE,wrong
837,Wingstop Restaurants Inc.,NONE,wrong
838,NONE,NONE,right
839,NONE,NONE,right
840,NONE,GENTHERM,wrong
841,NONE,GENTHERM INCORPORATED,wrong
842,NONE,GENTHERM INCORPORATED,wrong
843,Viasat Inc.,VIASAT,right
844,Viasat Inc.,MORGAN STANLEY,wrong
845,Viasat Inc.,J.P. MORGAN,wrong
846,Viasat Inc.,RAYMOND JAMES,wrong
847,Viasat Inc.,VIASAT,right
848,SEI,NONE,wrong
849,NGL Energy Partners,NGL ENERGY PARTNERS LP,right
850,NGL Energy Partners,NGL ENERGY PARTNERS,right
851,NGL Energy Partners,NGL ENERGY PARTNERS,right
852,NGL Energy Partners,NGL ENERGY PARTNERS,right
853,NGL Energy Partners,NGL ENERGY PARTNERS,right
854,Power Integrations Inc.,POWER INTEGRATIONS,right
855,Power Integrations Inc.,STIFEL,wrong
856,Power Integrations Inc.,POWER INTEGRATIONS,right
857,NONE,QUOTIENT LIMITED,wrong
858,NONE,QUOTIENT LIMITED,wrong
859,NONE,QUOTIENT,wrong
860,NONE,QUOTIENT LIMITED,wrong
861,NONE,QUOTIENT LIMITED,wrong
862,NONE,ASPEN AEROGELS, INC.,wrong
863,NONE,CURIS,wrong
864,NONE,CROCS, INC.,wrong
865,NONE,ASSOCIATION FOR CORPORATE GROWTH (ACG),wrong
866,NONE,TURNAROUND MANAGEMENT ASSOCIATION,wrong
867,Oceaneering International Inc.,NONE,wrong
868,Oceaneering International Inc.,OFFSHORE TECHNOLOGY,wrong
869,NONE,TELEDYNE,wrong
870,NONE,COWEN,wrong
871,Concurrent Computer Corporation,CONCURRENT COMPUTER CORPORATION,right
872,Concurrent Computer Corporation,CONCURRENT COMPUTER CORPORATION,right
873,Asensus Surgical,LADENBURG THALMANN,wrong
874,Asensus Surgical,ASENSUS SURGICAL, INC.,right
875,Asensus Surgical,ASENSUS SURGICAL, INC.,right
876,Asensus Surgical,H.C. WAINWRIGHT,wrong
877,Asensus Surgical,ICR,wrong
878,Capstar Financial Holdings Inc.,CAPSTAR FINANCIAL HOLDINGS INC,right
879,Capstar Financial Holdings Inc.,CAPSTAR FINANCIAL HOLDINGS INC.,right
880,Capstar Financial Holdings Inc.,CAPSTAR,right
881,Capstar Financial Holdings Inc.,CAPSTAR FINANCIAL HOLDINGS,right
882,Capstar Financial Holdings Inc.,CAPSTAR FINANCIAL HOLDINGS INC,right
883,Adient,ADIENT,right
884,Adient,DEUTSCHE BANK,wrong
885,Adient,ADIENT,right
886,Adient,BANK OF AMERICA,wrong
887,Adient,ADIENT,right
888,Bright Horizons Family Solutions,BRIGHT HORIZONS,right
889,Bright Horizons Family Solutions,BRIGHT HORIZONS,right
890,Bright Horizons Family Solutions,BRIGHT HORIZONS,right
891,Bright Horizons Family Solutions,BRIGHT HORIZONS,right
892,Bright Horizons Family Solutions,BRIGHT HORIZONS,right
893,Spirit Airlines Inc,NONE,wrong
894,Spirit Airlines Inc,NONE,wrong
895,Spirit Airlines Inc,J.P. MORGAN,wrong
896,Spirit Airlines Inc,RAYMOND JAMES,wrong
897,Spirit Airlines Inc,NONE,wrong
898,Citi Conferences,NONE,wrong
899,Citi Conferences,CITI,right
900,Citi Conferences,NONE,wrong
901,Citi Conferences,CITI,right
902,Citi Conferences,NONE,wrong
903,NONE,NONE,right
904,NONE,MORGAN STANLEY,wrong
905,NONE,BARCLAYS AMERICAS,wrong
906,NONE,NONE,right
907,NONE,RBC CAPITAL MARKETS,wrong
908,Eiger BioPharmaceuticals,LADENBURG THALMANN,wrong
909,Eiger BioPharmaceuticals,JEFFERIES,wrong
910,Eiger BioPharmaceuticals,NONE,wrong
911,Eiger BioPharmaceuticals,JEFFERIES,wrong
912,Eiger BioPharmaceuticals,STIFEL,wrong
913,Motorsport Games,STIFEL,wrong
914,Motorsport Games,NONE,wrong
915,Motorsport Games,NONE,wrong
916,Filings,LIVENT,wrong
917,Filings,GOLDMAN SACHS,wrong
918,Filings,LIVENT,wrong
919,Filings,LIVENT CORPORATION,wrong
920,Filings,LIVENT,wrong
921,MercadoLibre Inc.,MERCADOLIBRE,right
922,MercadoLibre Inc.,MERCADOLIBRE,right
923,MercadoLibre Inc.,MERCADOLIBRE,right
924,MercadoLibre Inc.,MERCADOLIBRE,right
925,MercadoLibre Inc.,MERCADOLIBRE INC,right
926,Clearway Energy Inc.,CLEARWAY ENERGY, INC.,right
927,Clearway Energy Inc.,CLEARWAY ENERGY, INC.,right
928,Clearway Energy Inc.,CLEARWAY ENERGY, INC.,right
929,Clearway Energy Inc.,CLEARWAY ENERGY, INC.,right
930,Clearway Energy Inc.,CLEARWAY ENERGY, INC.,right
931,FirstCash Inc.,NONE,wrong
932,FirstCash Inc.,NONE,wrong
933,FirstCash Inc.,NONE,wrong
934,FirstCash Inc.,FIRSTCASH,right
935,FirstCash Inc.,FIRSTCASH,right
936,Limbach Holdings Inc.,NONE,wrong
937,Limbach Holdings Inc.,STIFEL,wrong
938,Limbach Holdings Inc.,LD MICRO,wrong
939,Limbach Holdings Inc.,SIDOTI,wrong
940,Limbach Holdings Inc.,NONE,wrong
941,Jamf,WILLIAM BLAIR,wrong
942,Jamf,J.P. MORGAN,wrong
943,Jamf,NEEDHAM,wrong
944,Jamf,JAMF,right
945,Jamf,JAMF,right
946,Investor News,CERUS CORPORATION,wrong
947,Investor News,CERUS CORPORATION,wrong
948,Investor News,JEFFERIES,wrong
949,Investor News,COWEN,wrong
950,Investor News,CERUS CORPORATION,wrong
951,OneMain Financial,ONEMAIN,right
952,OneMain Financial,JEFFERIES,wrong
953,OneMain Financial,WELLS FARGO,wrong
954,OneMain Financial,ONEMAIN HOLDINGS,wrong
955,OneMain Financial,ONEMAIN,right
956,Wabash National Corporation,NONE,wrong
957,NONE,MICROSOFT,wrong
958,NONE,DC METRO,wrong
959,NONE,BLACK HAT,wrong
960,NONE,NONE,right
961,NONE,NONE,right
962,NONE,GOODRICH PETROLEUM,wrong
963,NONE,GOODRICH PETROLEUM,wrong
964,NONE,NONE,right
965,NONE,NONE,right
966,NONE,TUOHY BROTHERS,wrong
967,Synlogic,JEFFERIES,wrong
968,Synlogic,SYNLOGIC, INC.,right
969,Synlogic,SYNLOGIC, INC.,right
970,Synlogic,H.C. WAINWRIGHT,wrong
971,Synlogic,COWEN,wrong
972,Freshpet Inc.,FRESHPET,right
973,Freshpet Inc.,WILLIAM BLAIR,wrong
974,Freshpet Inc.,STIFEL,wrong
975,Freshpet Inc.,OPPENHEIMER,wrong
976,Freshpet Inc.,FRESHPET, INC.,right
977,NONE,ARGO GROUP,wrong
978,NONE,ARGO GROUP,wrong
979,NONE,ARGO GROUP,wrong
980,NONE,ARGO GROUP,wrong
981,NONE,ARGO GROUP,wrong
982,Cloudflare Inc.,CLOUDFLARE,right
983,Cloudflare Inc.,COWEN,wrong
984,Cloudflare Inc.,J.P. MORGAN,wrong
985,Cloudflare Inc.,CLOUDFLARE,right
986,Cloudflare Inc.,MORGAN STANLEY,wrong
987,Shockwave Medical Inc.,BANK OF AMERICA SECURITIES,wrong
988,Shockwave Medical Inc.,SHOCKWAVE MEDICAL, INC.,right
989,Shockwave Medical Inc.,WELLS FARGO,wrong
990,Shockwave Medical Inc.,SHOCKWAVE MEDICAL, INC.,right
991,Shockwave Medical Inc.,PIPER SANDLER,wrong
992,Limoneira,LIMONEIRA,right
993,Limoneira,LIMONEIRA,right
994,Limoneira,LIMONEIRA,right
995,Limoneira,LIMONEIRA,right
996,Limoneira,LIMONEIRA,right
997,Company,NONE,wrong
998,Company,NONE,wrong
999,Company,NONE,wrong
1000,Company,LILLY DIABETES,wrong
1001,Company,NONE,wrong
1002,63rd,NONE,wrong
1003,63rd,NONE,wrong
1004,63rd,NONE,wrong
1005,63rd,NONE,wrong
1006,63rd,NONE,wrong
1007,Everspin Technologies Inc.,EVERSPIN TECHNOLOGIES,right
1008,Everspin Technologies Inc.,EVERSPIN TECHNOLOGIES,right
1009,Everspin Technologies Inc.,EVERSPIN,right
1010,Everspin Technologies Inc.,EVERSPIN,right
1011,Everspin Technologies Inc.,EVERSPIN,right
1012,Brown-Forman Corporation,BROWN-FORMAN CORPORATION,right
1013,Brown-Forman Corporation,BROWN-FORMAN CORPORATION,right
1014,Brown-Forman Corporation,BROWN-FORMAN,right
1015,Brown-Forman Corporation,BROWN-FORMAN CORPORATION,right
1016,Brown-Forman Corporation,BROWN-FORMAN CORPORATION,right
1017,NONE,ICPA,wrong
1018,NONE,GTEC,wrong
1019,NONE,GENERIS,wrong
1020,NONE,ICPA,wrong
1021,NONE,WOMEN’S LEADERSHIP COUNCIL,wrong
1022,Trane Technologies,MORGAN STANLEY,wrong
1023,Trane Technologies,BANK OF AMERICA,wrong
1024,Trane Technologies,JP MORGAN,wrong
1025,Trane Technologies,TRANE TECHNOLOGIES,right
1026,Trane Technologies,WOLFE INDUSTRIALS,wrong
1027,NONE,ADM,wrong
1028,NONE,STIFEL,wrong
1029,NONE,DBACCESS,wrong
1030,NONE,NONE,right
1031,NONE,BANK OF AMERICA,wrong
1032,Columbia Sportswear Company,COLUMBIA SPORTSWEAR,right
1033,Columbia Sportswear Company,NONE,wrong
1034,Columbia Sportswear Company,COLUMBIA SPORTSWEAR,right
1035,Columbia Sportswear Company,COLUMBIA SPORTSWEAR,right
1036,Columbia Sportswear Company,COLUMBIA SPORTSWEAR,right
1037,JLL,NONE,wrong
1038,JLL,RAYMOND JAMES,wrong
1039,JLL,JP MORGAN,wrong
1040,JLL,JLL,right
1041,JLL,JLL,right
1042,NONE,TRUECAR,wrong
1043,NONE,TRUECAR,wrong
1044,NONE,TRUECAR,wrong
1045,NONE,TRUECAR,wrong
1046,NONE,TRUECAR,wrong
1047,BBX Capital Inc,NONE,wrong
1048,Sunoco LP,NONE,wrong
1049,Sunoco LP,NONE,wrong
1050,Sunoco LP,NONE,wrong
1051,Sunoco LP,NONE,wrong
1052,Sunoco LP,NONE,wrong
1053,Independent Bank Group Inc.,NONE,wrong
1054,Independent Bank Group Inc.,NONE,wrong
1055,Independent Bank Group Inc.,NONE,wrong
1056,Independent Bank Group Inc.,NONE,wrong
1057,Independent Bank Group Inc.,INDEPBANKGROUP,wrong
1058,NONE,CENTERSPACE,wrong
1059,NONE,NAREIT,wrong
1060,NONE,NONE,right
1061,NONE,NONE,right
1062,NONE,NONE,right
1063,The Lovesac Company,NONE,wrong
1064,The Lovesac Company,STIFEL,wrong
1065,The Lovesac Company,NONE,wrong
1066,The Lovesac Company,NONE,wrong
1067,The Lovesac Company,NONE,wrong
1068,Corcept,CORCEPT THERAPEUTICS,right
1069,Corcept,CORCEPT THERAPEUTICS,right
1070,Corcept,CORCEPT THERAPEUTICS,right
1071,Corcept,CORCEPT THERAPEUTICS,right
1072,Corcept,JEFFERIES,wrong
1073,Outdoor Holdings,CLEAR CHANNEL OUTDOOR,wrong
1074,NONE,NONE,right
1075,NONE,OPPENHEIMER,wrong
1076,NONE,NONE,right
1077,NONE,NONE,right
1078,NONE,BOFA SECURITIES,wrong
1079,California Resources Corp,CALIFORNIA RESOURCES CORPORATION,right
1080,California Resources Corp,TD SECURITIES,wrong
1081,California Resources Corp,WELLS FARGO,wrong
1082,California Resources Corp,CALIFORNIA RESOURCES CORPORATION,right
1083,California Resources Corp,BOFA SECURITIES,wrong
1084,Dolby Laboratories Inc.,BAIRD,wrong
1085,Dolby Laboratories Inc.,WILLIAM BLAIR,wrong
1086,Dolby Laboratories Inc.,J.P. MORGAN,wrong
1087,Dolby Laboratories Inc.,NONE,wrong
1088,Dolby Laboratories Inc.,MORGAN STANLEY,wrong
1089,H.B. Fuller,H.B. FULLER COMPANY,right
1090,H.B. Fuller,H.B. FULLER COMPANY,right
1091,H.B. Fuller,H.B. FULLER COMPANY,right
1092,H.B. Fuller,H.B. FULLER,right
1093,H.B. Fuller,H.B. FULLER,right
1094,Bristol Myers Squibb,BRISTOL MYERS SQUIBB,right
1095,Bristol Myers Squibb,GOLDMAN SACHS,wrong
1096,Bristol Myers Squibb,BMY,wrong
1097,Bristol Myers Squibb,BERNSTEIN,wrong
1098,Bristol Myers Squibb,UBS GLOBAL,wrong
1099,Allied Motion Technologies Inc.,ROTH CAPITAL,wrong
1100,Ferrari Corporate,NONE,wrong
1101,Virios Therapeutics Inc.,BENZINGA,wrong
1102,The PNC Financial Services Group Inc.,PNC FINANCIAL SERVICES GROUP,right
1103,The Lovesac Company,NONE,wrong
1104,Hooker Furniture,HOOKER FURNITURE CORP.,right
1105,Eargo Inc.,EARGO, INC.,right
1106,PowerFleet Inc.,NONE,wrong
1107,NONE,O’REILLY AUTOMOTIVE,wrong
1108,Vantage Drilling International,VANTAGE DRILLING INTERNATIONAL,right
1109,NONE,SELECTIVE,wrong
1110,NONE,COMPASS DIVERSIFIED,wrong
1111,Arcos Dorados IR,NONE,wrong
1112,NONE,IROBOT CORP,wrong
1113,INC,JMP SECURITIES,wrong
1114,NONE,SVB LEERINK,wrong
